{
  "sitenotice": "",
  "default_skin": "liberty",
  "embed_image": "",

  "namespaces": [],
  "protected_namespaces": [],

  "max_file_size": 10,

  "can_withdraw": true,
  "withdraw_last_activity_hours": 24,
  "withdraw_save_days": 0,

  "grant_permissions": [
    "delete_thread",
    "admin",
    "update_thread_status",
    "nsacl",
    "hide_thread_comment",
    "grant",
    "disable_two_factor_login",
    "no_force_captcha",
    "login_history",
    "update_thread_document",
    "update_thread_topic",
    "aclgroup",
    "hide_document_history_log",
    "hide_revision",
    "mark_troll_revision",
    "batch_revert",
    "api_access"
  ],

  "email_whitelist": [],
  "use_email_verification": false,

  "auto_verified_member": {
    "check_days": 7,
    "delay_hours": 3,
    "no_block_days": 7,
    "edit_count": 80,
    "comment_count": 50
  },

  "external_link_icons": {
    "파일:홈페이지 아이콘.svg": ""
  },

  "aclgroup_order": [],

  "content_security_policy": {
    "frameSrc": [],
    "connectSrc": []
  }
}