{
  "copyright_text": "copyright agree wow",
  "editagree_text": "문서 편집을 <strong>저장</strong>하면 당신은 기여한 내용을 <strong>라이선스</strong>으로 배포하고 기여한 문서에 대한 하이퍼링크나 URL을 이용하여 저작자 표시를 하는 것으로 충분하다는 데 동의하는 것입니다. 이 <strong>동의는 철회할 수 없습니다.</strong>",
  "terms": "여기에 약관을 입력해주세요.",
  "file_upload_template": "",
  "withdraw_pledge": "본인은 탈퇴를 하면 기여했던 모든 내역이 <삭제된 사용자>로 표시됨을 동의하며 시스템에서 데이터가 삭제된 이후 기여자임을 증명할 수 없게 된다는 사실을 인지하고 있습니다.",
  "not_found_html": "",
  "head_html": ""
}